name,brand,source,us,uk,de,fr,es,it,be,tr
Sauvage,Dior,popular+celebs+blog,B01MY1SF77,B000RO0NOW,B000RO0NOW,B000RO0NOW,B000RO0NOW,B000RO0NOW,,
Bleu de Chanel,Chanel,popular+celebs+blog,B00NAH3GNI,B00NAH3GNI,B00NAH3GNI,B00NAH3GNI,B00NAH3GNI,B00NAH3GNI,,
Aventus,Creed,popular+celebs+blog,B0799KPC58,B06ZZGNMYD,B06ZZGNMYD,B06ZZGNMYD,B06ZZGNMYD,B078YXJC5F,,
Baccarat Rouge 540,Maison Francis Kurkdjian,popular+celebs+blog,B01B7AP3RQ,B01B7AP3RQ,B01B7AP3RQ,,B01B7AP3RQ,B01CAT5A0S,,
Acqua di Gio,Giorgio Armani,popular+celebs+blog,B000E7YK5K,B000E7YK5K,B000E7YK5K,B000E7YK5K,B000E7YK5K,B000MJZO64,,
Eros,Versace,popular+blog,B00B4TR3KG,B00B4TR3KG,B00B4TR3KG,B00B4TR3KG,B00B4TR3KG,B00B4TR3KG,,
Coco Mademoiselle,Chanel,popular+celebs+blog,B0042UC6GU,B0042UC6GU,B000XDX08I,B0066L5ITU,B0066L5ITU,B0066L5ITU,,
Libre,Yves Saint Laurent,popular,B098JCM9Q7,B07X1YGWSX,B07X1YGWSX,B07X1YGWSX,B07X1YGWSX,B07X1YGWSX,,
Black Opium,Yves Saint Laurent,popular+blog,B07P9VPR96,B074KDTJ3N,B00NBK5JHK,B07P9VPR96,B00NBK5JHK,B00NBK5JHK,,
La Vie Est Belle Lancôme,Lancome,popular,B00I7PK3GQ,B00I7PK3GQ,B00I7PK3GQ,B00I7PK3GQ,B00I7PK3GQ,B00I7PK3GQ,,
Miss Dior,Dior,popular+celebs+blog,B09FY98RSG,B09FY98RSG,B09FY98RSG,B09FY98RSG,B09FY98RSG,B09FY98RSG,,
J'adore,Dior,popular+celebs,B00AC2KDXK,B0DZJX3XMY,B0DZJX3XMY,B0DZJX3XMY,B0DZJX3XMY,B0DZJX3XMY,,
Good Girl,Carolina Herrera,popular+celebs+blog,B09B678JQC,B01IYBVIL6,B01IYBVIL6,,B01IYBVIL6,B01KYQTVYA,,
Prada Paradoxe,Prada,popular,B0B3Y28N87,B0B3Y28N87,B0B3Y28N87,B0B3Y28N87,B0B3Y28N87,B0B3Y28N87,,
Flora Gorgeous Gardenia,Gucci,popular,B09L5HB2LC,B09L5HB2LC,B09L5HB2LC,B09L5HB2LC,B09L5HB2LC,B09L5HB2LC,,
English Pear & Freesia,Jo Malone London,popular,B0DPJ8QNJK,B0849B9DXR,,,,,,
Angel,Mugler,popular+blog,B08S5PFDGV,B08S5PFDGV,B08S5PFDGV,,B08S5PFDGV,B08S5PFDGV,,
Alien,Mugler,popular+celebs,B00D2I503O,B00D2I503O,B00D2I503O,B00D2I503O,B00D2I503O,B00D2I503O,,
Chanel No 5 Parfum,Chanel,popular,B000VOJ9BG,B000VOJ9BG,B000VOJ9BG,B000VOJ9BG,B000VOJ9BG,B000VOJ9BG,,
Santal 33,Le Labo,popular+celebs+blog,B09VL12323,B0792JYM8H,B0792JYM8H,B0792JYM8H,B0792JYM8H,B0792JYM8H,,
Portrait of a Lady,Frederic Malle,popular+blog,B077XH7KR3,B077XH7KR3,B077XH7KR3,B077XH7KR3,B077XH7KR3,B077XH7KR3,,
Delina,Parfums de Marly,popular+celebs+blog,B06ZZV8BQD,B06ZZV8BQD,B06ZZV8BQD,B06ZZV8BQD,B06ZZV8BQD,B06ZZV8BQD,,
Layton,Parfums de Marly,popular+celebs+blog,B01LYHEA5S,B01LYHEA5S,B01LYHEA5S,B01LYHEA5S,B01LYHEA5S,B01LYHEA5S,,
Herod,Parfums de Marly,popular,B00H9I101Y,B00H9I101Y,B00H9I101Y,B00H9I101Y,B00H9I101Y,B00H9I101Y,,
Carlisle,Parfums de Marly,popular,B079X4Y4MG,B079X4Y4MG,B079X4Y4MG,B079X4Y4MG,B079X4Y4MG,B079X4Y4MG,,
Pegasus,Parfums de Marly,popular,B00EPGEZE2,B00EPGEZE2,B00EPGEZE2,B00EPGEZE2,B00EPGEZE2,B00EPGEZE2,,
Althaïr,Parfums de Marly,popular,B0CLFCGRRM,B0CLFCGRRM,B0CLFCGRRM,B0CLFCGRRM,B0CLFCGRRM,B0CLFCGRRM,,
Valaya,Parfums de Marly,popular,B0C6H44XF3,B0C6H44XF3,B0C6H44XF3,B0C6H44XF3,B0C6H44XF3,B0C6H44XF3,,
Greenley,Parfums de Marly,popular,B0CLFQ55CM,B0982S5XST,B0982S5XST,B0982S5XST,B0982S5XST,B0982S5XST,,
Percival,Parfums de Marly,popular+blog,B07JMKG771,B07JMKFTWW,B07JMKFTWW,B07JMKFTWW,B07JMKFTWW,B07JMKFTWW,,
Oud for Greatness,Initio Parfums Prives,popular,B095CWW4MN,B07JL3RSLZ,B07JL3RSLZ,B07JL3RSLZ,B07JL3RSLZ,B07JL3RSLZ,,
Side Effect,Initio Parfums Prives,popular,B07BTL8TG8,B07BTL8TG8,B07BTL8TG8,B07BTL8TG8,B07BTL8TG8,B07BTL8TG8,,
Narcotic Delight,Initio Parfums Prives,popular,B0CTXKS12M,B0CTXKS12M,B0CTXKS12M,B0CTXKS12M,B0CTXKS12M,B0CTXKS12M,,
XJ 1861 Naxos,Xerjoff,popular,B07D384KQG,B07D384KQG,B07D384KQG,B07D384KQG,B07D384KQG,B07D384KQG,,
Erba Pura,Xerjoff,popular,B0CZTZLQG6,B0CZTZLQG6,B0CZTZLQG6,B0CZTZLQG6,B0CZTZLQG6,B0CZTZLQG6,,
Oud Maracujá,Maison Crivelli,popular,,B0H2WQS7D1,B0FLWHLH2M,B0FLWHLH2M,B0FLWHLH2M,B0FLWHLH2M,,
Accento,Xerjoff,popular,B00NAXK388,B00NAXK388,B00NAXK388,B07VGMB6P2,B00NAXK388,B00NAXK388,,
Alexandria II,Xerjoff,popular,B07GJVV8JV,B07GJVV8JV,B07GJVV8JV,B07GJVV8JV,B07GJVV8JV,B07GJVV8JV,,
Torino21,Xerjoff,popular,B0DV9SXTB6,B0DV9SXTB6,B0DV9SXTB6,B0DV9SXTB6,B0DV9SXTB6,B0DV9SXTB6,,
Hacivat,Nishane,popular,B0CZXVGV8V,B0CZXVGV8V,B0CZXVGV8V,B0CZXVGV8V,B0CZXVGV8V,B0CZXVGV8V,,
Ani,Nishane,popular,B07TS81MVH,B07TXFD8WY,B07TS81MVH,B07TS81MVH,B07TS81MVH,B07TS81MVH,,
Fan Your Flames,Nishane,popular,B013UBTG32,B013UBTG32,B013UBTG32,B06XPM53DX,B013UBTG32,B013UBTG32,,
Khamrah,Lattafa Perfumes,popular,B0B92Y18GT,B0B92Y18GT,B0B92Y18GT,B0B92Y18GT,B0B92Y18GT,B0B92Y18GT,,
Asad,Lattafa Perfumes,popular,B0B8TQ7YRW,B0B8TQ7YRW,B0B8TQ7YRW,B0B8TQ7YRW,B0B8TQ7YRW,B0B8TQ7YRW,,
Yara,Lattafa Perfumes,popular,B09C8VNWBP,B0CR1S643D,B09C8VNWBP,B09C8VNWBP,B09C8VNWBP,B09C8VNWBP,,
Fakhar Lattafa,Lattafa Perfumes,popular,B08RHWX6G1,B07XWMY2Y2,B08RHWX6G1,B08RHWX6G1,B08RHWX6G1,B08RHWX6G1,,
Raghba,Lattafa Perfumes,popular,B08RNCSFTY,B01EXK6JPM,B01EXK6JPM,B01EXK6JPM,B01EXK6JPM,B01EXK6JPM,,
Bade'e Al Oud Oud for Glory,Lattafa Perfumes,popular,B08HVXDLXK,B08HVXDLXK,B08HVXDLXK,B08HVXDLXK,B08HVXDLXK,B08HVXDLXK,,
Ameer Al Oudh,Lattafa Perfumes,popular,B01MSXP4OG,B01MSXP4OG,B01MSXP4OG,B01MSXP4OG,B01MSXP4OG,B01MSXP4OG,,
Bade'e Al Oud Sublime,Lattafa Perfumes,popular,B0C5N4J94J,B0C5N4J94J,B0C5N4J94J,B0C5N4J94J,B0C5N4J94J,B0C5N4J94J,,
Club de Nuit Intense Man,Armaf,popular+blog,B00M3IFUMK,B00M3IFUMK,B00M3IFUMK,B00M3IFUMK,B00M3IFUMK,B00M3IFUMK,,
Odyssey Mandarin Sky,Armaf,popular,,,,,,,,
Amber Oud Gold Edition,Al Haramain Perfumes,popular,,,,,,,,
L'Aventure,Al Haramain Perfumes,popular,,,,,,,,
Hawas for Him,Rasasi,popular,,,,,,,,
9pm,Afnan,popular+blog,B07RTQ4VM7,B07RTQ4VM7,B07RTQ4VM7,B07RTQ4VM7,B07RTQ4VM7,B07RTQ4VM7,,
Supremacy Silver,Afnan,popular+blog,B07BGDV4WD,B07BGDV4WD,B07BGDV4WD,B07BGDV4WD,B07BGDV4WD,B07BGDV4WD,,
Jean Lowe Immortal,Maison Alhambra,popular,,,,,,,,
Kismet Angel,Maison Alhambra,popular,,,,,,,,
Le Male,Jean Paul Gaultier,popular+celebs,B0733677R6,B0733677R6,B0733677R6,,B0733677R6,B0733677R6,,
Le Male Elixir,Jean Paul Gaultier,popular,,,,,,,,
Le Beau,Jean Paul Gaultier,popular,,,,,,,,
Scandal,Jean Paul Gaultier,popular,,,,,,,,
Ultra Male,Jean Paul Gaultier,popular,,,,,,,,
Eros Flame,Versace,popular,,,,,,,,
Versace Pour Homme Dylan Blue,Versace,popular,,,,,,,,
Versace Pour Femme Dylan Blue,Versace,popular,,,,,,,,
Bright Crystal,Versace,popular,,,,,,,,
Crystal Noir,Versace,popular+celebs,B000WZIVEA,B009YERAM4,B009YERAM4,B009YERAM4,B009YERAM4,B009YERAM4,,
1 Million,Paco Rabanne,popular+celebs,B01MS0OXYR,B00FFJ53PS,B00FFJ53PS,B00FFJ53PS,B00FFJ53PS,B00FFJ53PS,,
Invictus,Paco Rabanne,popular+celebs+blog,B00DAUYQX4,B00DAUYQX4,B00DAUYQX4,B00DAUYQX4,B00DAUYQX4,B00DAUYQX4,,
Phantom,Paco Rabanne,popular,,,,,,,,
Lady Million,Paco Rabanne,popular,,,,,,,,
Olympéa,Paco Rabanne,popular,,,,,,,,
Fame,Paco Rabanne,popular,,,,,,,,
Bad Boy,Carolina Herrera,popular,,,,,,,,
212 VIP,Carolina Herrera,popular,,,,,,,,
Flowerbomb Viktor&Rolf,Viktor Rolf,popular,,,,,,,,
Spicebomb Viktor&Rolf,Viktor Rolf,popular,,,,,,,,
Spicebomb Extreme Viktor&Rolf,Viktor Rolf,popular,,,,,,,,
Bombshell Victoria's,Victoria s Secret,popular,,,,,,,,
Polo Blue,Ralph Lauren,popular,,,,,,,,
Polo Red,Ralph Lauren,popular,,,,,,,,
CK One,Calvin Klein,popular+blog,B000E7WFX4,B00HAOP8UQ,B00HAOP8UQ,B00HAOP8UQ,B00HAOP8UQ,B00HAOP8UQ,,
Eternity,Calvin Klein,popular,,,,,,,,
Euphoria,Calvin Klein,popular,,,,,,,,
Cool Water,Davidoff,popular+blog,B00BEESZW6,B0009OAHC8,B0009OAHC8,B0009OAHC8,B0009OAHC8,B0009OAHC8,,
Boss Bottled,Hugo Boss,popular+celebs,B000RPLZAM,B000RPLZAM,B000RPLZAM,,B000RPLZAM,B000RPLZAM,,
Boss The Scent,Hugo Boss,popular,,,,,,,,
Explorer,Montblanc,popular+blog,B07K1BW1XY,B07K1BW1XY,B07K1H9YZY,B07K1H9YZY,B07K1H9YZY,B07K1H9YZY,,
Legend,Montblanc,popular,,,,,,,,
The Most Wanted,Azzaro,popular,,,,,,,,
Wanted,Azzaro,popular,,,,,,,,
Chrome,Azzaro,popular,,,,,,,,
Aqva Pour Homme,Bvlgari,popular,,,,,,,,
Omnia Crystalline,Bvlgari,popular,,,,,,,,
Tygar,Bvlgari,popular,,,,,,,,
Valentino Uomo,Valentino,popular,,,,,,,,
Valentino Uomo Born in Roma,Valentino,popular,,,,,,,,
Valentino Donna Born In Roma,Valentino,popular,,,,,,,,
Voce Viva,Valentino,popular,,,,,,,,
Luna Rossa Ocean,Prada,popular,,,,,,,,
Luna Rossa Carbon,Prada,popular,,,,,,,,
Prada L'Homme,Prada,popular,,,,,,,,
Prada Candy,Prada,popular,,,,,,,,
Infusion d'Iris,Prada,popular,,,,,,,,
Guilty Pour Homme,Gucci,popular,,,,,,,,
Bloom Eau de Toilette,Gucci,popular,,,,,,,,
Mémoire d’une Odeur,Gucci,popular,,,,,,,,
Hero,Burberry,popular,,,,,,,,
Burberry Her,Burberry,popular+blog,B0GTWSYTHK,B07H739RNL,B07H739RNL,B07H739RNL,B07H739RNL,B07H739RNL,,
Goddess,Burberry,popular,,,,,,,,
Light Blue Dolce&Gabbana,Dolce Gabbana,popular,,,,,,,,
The One Dolce&Gabbana,Dolce Gabbana,popular,,,,,,,,
K by Dolce & Gabbana Dolce&Gabbana,Dolce Gabbana,popular,,,,,,,,
Devotion Dolce&Gabbana,Dolce Gabbana,popular,,,,,,,,
Acqua di Giò Profumo,Giorgio Armani,popular,,,,,,,,
Acqua di Giò Profondo,Giorgio Armani,popular,,,,,,,,
Armani Code,Giorgio Armani,popular+celebs,B00MMOH15Y,B0BV2M7RC1,B0BTDCRCXF,,B0BTDCRCXF,B0BTDCRCXF,,
Si,Giorgio Armani,popular,,,,,,,,
My Way,Giorgio Armani,popular+celebs,B08DH7CVCR,B08DH7CVCR,B08DHFX15Q,,B08DHFX15Q,B08DHFX15Q,,
Emporio Armani Stronger With You,Giorgio Armani,popular,,,,,,,,
Emporio Armani Stronger With You Intensely,Giorgio Armani,popular,,,,,,,,
Y Eau de Parfum,Yves Saint Laurent,popular,,,,,,,,
La Nuit de l'Homme,Yves Saint Laurent,popular+blog,B0021MLVA8,B0021MLVA8,B0021MLVA8,B0021MLVA8,B0021MLVA8,B0021MLVA8,,
Libre Intense,Yves Saint Laurent,popular+blog,B08H3PCGWT,B08H3PCGWT,B08H3PCGWT,B08H3PCGWT,B08H3PCGWT,B08H3PCGWT,,
Mon Paris,Yves Saint Laurent,popular,,,,,,,,
Opium Parfum,Yves Saint Laurent,popular,,,,,,,,
Black Opium Intense,Yves Saint Laurent,popular,,,,,,,,
Idôle Lancôme,Lancome,popular,,,,,,,,
Trésor Lancôme,Lancome,popular,,,,,,,,
La Nuit Trésor Lancôme,Lancome,popular,,,,,,,,
Sauvage Eau de Parfum,Dior,popular,,,,,,,,
Sauvage Elixir,Dior,popular+celebs,B09FY38T89,B0BCWG85TB,B0BCWG85TB,B0BCWG85TB,B0BCWG85TB,B0BCWG85TB,,
Dior Homme Intense 2007,Dior,popular,,,,,,,,
Fahrenheit,Dior,popular+celebs+blog,B0009OAGOC,B0009OAGOC,B0009OAGOC,B00102LR2C,B00102LR2C,B0117YTLQG,,
Hypnotic Poison,Dior,popular,,,,,,,,
Poison,Dior,popular,,,,,,,,
Allure Homme Sport,Chanel,popular,,,,,,,,
Chance Eau de Parfum,Chanel,popular,,,,,,,,
Chance Eau Tendre,Chanel,popular+blog,B003L38T7E,B003L38T7E,B003L38T7E,,B003L38T7E,B003L38T7E,,
Gabrielle,Chanel,popular+celebs,B075BLC569,B07BYM1ZZZ,B07BYM1ZZZ,B07BYM1ZZZ,B07BYM1ZZZ,B07BYM1ZZZ,,
Coco Eau de Parfum,Chanel,popular,,,,,,,,
Bleu de Chanel Parfum,Chanel,popular,,,,,,,,
Shalimar Parfum,Guerlain,popular,,,,,,,,
Mon Guerlain,Guerlain,popular+celebs+blog,B01N6XHMNE,B01N6XHMNE,B01N6XHMNE,B01N6XHMNE,B01N6XHMNE,B01N6XHMNE,,
L’Homme Ideal,Guerlain,popular,,,,,,,,
Habit Rouge Parfum,Guerlain,popular,,,,,,,,
Terre d'Hermès Hermès,Hermes,popular,,,,,,,,
H24 Hermès,Hermes,popular,,,,,,,,
Twilly d’Hermès Hermès,Hermes,popular,,,,,,,,
Un Jardin Sur Le Nil Hermès,Hermes,popular,,,,,,,,
Narciso Rodriguez For Her,Narciso Rodriguez,popular,,,,,,,,
Daisy,Marc Jacobs,popular+celebs,B0012RV5UO,B0012RV5UO,B0012RV5UO,B0012RV5UO,B0012RV5UO,B0012RV5UO,,
Perfect,Marc Jacobs,popular,,,,,,,,
Viva la Juicy,Juicy Couture,popular,,,,,,,,
Cloud,Ariana Grande,popular+celebs+blog,B07JPZ95ZP,B07JPZ95ZP,B07JPZ95ZP,B07JPZ95ZP,B07JPZ95ZP,B07JPZ95ZP,,
Fantasy,Britney Spears,popular,,,,,,,,
Missing Person,Phlur,popular,,,,,,,,
Vanilla 28,Kayali Fragrances,popular,,,,,,,,
Red Temptation For Her,Zara,popular,,,,,,,,
Vibrant Leather,Zara,popular,,,,,,,,
Ebony Wood,Zara,popular,,,,,,,,
Shaghaf Oud,Swiss Arabian,popular,,,,,,,,
Black Afgano,Nasomatto,popular+celebs+blog,B003WGIDM6,B003WGIDM6,B003WGIDM6,B003WGIDM6,B003WGIDM6,B003WGIDM6,,
Molecule 01,Escentric Molecules,popular+blog,B0F27TMGK2,B019HXBCHU,B019HXBCHU,B019HXBCHU,B019HXBCHU,B019HXBCHU,,
Not A Perfume,Juliette Has A Gun,popular+blog,B0157V6USM,B07DGY6VDT,B07DGY6VDT,B07DGY6VDT,B07DGY6VDT,B07DGY6VDT,,
Lady Vengeance,Juliette Has A Gun,popular,,,,,,,,
Intense Cafe,Montale,popular,,,,,,,,
Roses Musk,Montale,popular,,,,,,,,
Arabians Tonka,Montale,popular,,,,,,,,
Cedrat Boise,Mancera,popular,,,,,,,,
Red Tobacco,Mancera,popular,,,,,,,,
Instant Crush,Mancera,popular,,,,,,,,
Gypsy Water,Byredo,popular+celebs+blog,B00APOPOKC,B00APOPOKC,B00APOPOKC,B00APOPOKC,B00APOPOKC,B00APOPOKC,,
Bal d'Afrique,Byredo,popular+celebs+blog,B0BRBLDDPL,B0BRBLDDPL,B0BRBLDDPL,B0BRBLDDPL,B0BRBLDDPL,B0BRBLDDPL,,
Mojave Ghost,Byredo,popular+celebs+blog,B0B51C1LNW,B00NAX07ZM,B00NAX07ZM,B00NAX07ZM,B00NAX07ZM,B00NAX07ZM,,
Blanche,Byredo,popular+celebs+blog,B00D8H8H5C,B0BZWPVS9B,B00D8H8H5C,,B00GDLJYMU,B00D8H8H5C,,
Rose Of No Man's Land,Byredo,popular,,,,,,,,
Another 13,Le Labo,popular+celebs+blog,B07BQYZDFS,B07BQYZDFS,B07BQYZDFS,B07BQYZDFS,B07BQYZDFS,B07BQYZDFS,,
Rose 31,Le Labo,popular,,,,,,,,
The Noir 29,Le Labo,popular,,,,,,,,
Bergamote 22,Le Labo,popular+blog,B07DP87QNN,B07DP87QNN,B07DP87QNN,B07DP87QNN,B07DP87QNN,B07DP87QNN,,
The Matcha 26,Le Labo,popular,,,,,,,,
Philosykos Eau de Parfum,Diptyque,popular,,,,,,,,
Do Son Eau de Parfum,Diptyque,popular,,,,,,,,
Tam Dao Eau de Parfum,Diptyque,popular,,,,,,,,
Eau Rose,Diptyque,popular,,,,,,,,
Orphéon Eau de Parfum,Diptyque,popular,,,,,,,,
Wood Sage & Sea Salt,Jo Malone London,popular,,,,,,,,
Peony & Blush Suede,Jo Malone London,popular,,,,,,,,
Lime Basil & Mandarin,Jo Malone London,popular,,,,,,,,
Nectarine Blossom & Honey,Jo Malone London,popular,,,,,,,,
Myrrh & Tonka,Jo Malone London,popular,,,,,,,,
Jazz Club,Maison Martin Margiela,popular+blog,B00JAMLFHQ,B00JAMLFHQ,B00JAMLFHQ,B0DMQBJXSV,B00JAMLFHQ,B00JAMLFHQ,,
By the Fireplace,Maison Martin Margiela,popular+blog,B016PIL63K,B016PIL63K,B016PIL63K,B0DMQFRJCM,B016PIL63K,B016PIL63K,,
Beach Walk,Maison Martin Margiela,popular,,,,,,,,
Lazy Sunday Morning,Maison Martin Margiela,popular,,,,,,,,
Bubble Bath,Maison Martin Margiela,popular,,,,,,,,
Coffee Break,Maison Martin Margiela,popular,,,,,,,,
"Love, Don't Be Shy",Kilian,celebs,,,,,,,,
Oud Silk Mood,Maison Francis Kurkdjian,celebs,,,,,,,,
Tobacco Vanille,Tom Ford,celebs+blog,,,,,,,,
Dior Homme Intense,Dior,celebs+blog,,,,,,,,
Silver Mountain Water,Creed,celebs,,,,,,,,
Idôle,Lancôme,celebs,,,,,,,,
Black Opium,YSL,celebs,,,,,,,,
Flowerbomb,Viktor&Rolf,celebs,,,,,,,,
R.E.M.,Ariana Grande,celebs,,,,,,,,
God Is A Woman,Ariana Grande,celebs,,,,,,,,
Chanel No. 5,Chanel,celebs,,,,,,,,
Le Labo Santal 33,Le Labo,celebs,,,,,,,,
Soleil Blanc,Tom Ford,celebs,,,,,,,,
Mémoire d'une Odeur,Gucci,celebs,,,,,,,,
Neroli Portofino,Tom Ford,celebs+blog,,,,,,,,
Oud Wood,Tom Ford,celebs+blog,,,,,,,,
Eilish,Billie Eilish,celebs,,,,,,,,
Glossier You,Glossier,celebs+blog,,,,,,,,
Libre,YSL,celebs,,,,,,,,
Tuscan Leather,Tom Ford,celebs+blog,,,,,,,,
Angels' Share,Kilian,celebs,,,,,,,,
Santal Blush,Tom Ford,celebs,,,,,,,,
CR7,Cristiano Ronaldo,celebs,,,,,,,,
Tom Ford Noir,Tom Ford,celebs,,,,,,,,
Green Irish Tweed,Creed,celebs+blog,,,,,,,,
Scent of Peace,Bond No. 9,celebs,,,,,,,,
Mixed Emotions,Byredo,celebs,,,,,,,,
Dedcool 01,Dedcool,celebs,,,,,,,,
Lust in Paradise,Ex Nihilo,celebs,,,,,,,,
Grey Vetiver,Tom Ford,celebs+blog,,,,,,,,
Jazz Club,Maison Margiela,celebs,,,,,,,,
Thé Noir 29,Le Labo,celebs,,,,,,,,
The One,Dolce & Gabbana,celebs,,,,,,,,
Black Orchid,Tom Ford,celebs+blog,,,,,,,,
Trésor Midnight Rose,Lancôme,celebs,,,,,,,,
Man Wood Essence,Bvlgari,celebs,,,,,,,,
Chanel No. 5 L'Eau,Chanel,celebs,,,,,,,,
Viking,Creed,celebs,,,,,,,,
Tiffany & Co EDP,Tiffany,celebs,,,,,,,,
Mon Paris,YSL,celebs,,,,,,,,
Noir Extreme,Tom Ford,celebs,,,,,,,,
La Vie Est Belle,Lancôme,celebs,,,,,,,,
Coach for Men,Coach,celebs,,,,,,,,
Côte d'Azur,Oribe,celebs,,,,,,,,
Armani Privé,Giorgio Armani,celebs,,,,,,,,
Acqua di Gio Profumo,Giorgio Armani,celebs+blog,,,,,,,,
Crystal Gardenia,KKW,celebs,,,,,,,,
Shalimar,Guerlain,celebs+blog,,,,,,,,
Creed Aventus,Creed,celebs,,,,,,,,
Dior Homme,Dior,celebs,,,,,,,,
Glow,Jennifer Lopez,celebs,,,,,,,,
Promise,Jennifer Lopez,celebs,,,,,,,,
Still,Jennifer Lopez,celebs,,,,,,,,
Versace Eros,Versace,celebs,,,,,,,,
Casamorati 1888,Xerjoff,celebs,,,,,,,,
Lancôme Idôle,Lancôme,celebs,,,,,,,,
Terre d'Hermès,Hermès,celebs,,,,,,,,
Jo Malone Wood Sage,Jo Malone,celebs,,,,,,,,
Estée Lauder Beautiful,Estée Lauder,celebs,,,,,,,,
Flowerbomb Nectar,Viktor&Rolf,celebs,,,,,,,,
Chanel Allure Homme Sport,Chanel,celebs,,,,,,,,
Kayali Vanilla 28,Kayali,celebs,,,,,,,,
Celine Black Tie,Celine,celebs,,,,,,,,
Bois d'Argent,Dior,celebs,,,,,,,,
Y EDP,YSL,celebs,,,,,,,,
Beautiful,Estée Lauder,celebs,,,,,,,,
Kai,Kai,celebs,,,,,,,,
Le Labo Rose 31,Le Labo,celebs,,,,,,,,
Dolce & Gabbana The One,D&G,celebs,,,,,,,,
Trussardi Donna,Trussardi,celebs,,,,,,,,
Bulgari Omnia,Bvlgari,celebs,,,,,,,,
S by Shakira,Shakira,celebs,,,,,,,,
Dance,Shakira,celebs,,,,,,,,
Girl,Comme des Garcons,celebs,,,,,,,,
Replica By the Fireplace,Maison Margiela,celebs,,,,,,,,
French Waltz,Matiere Premiere,celebs,,,,,,,,
Comme des Garcons 2,CDG,celebs,,,,,,,,
Opium,YSL,celebs,,,,,,,,
Lancôme La Vie Est Belle,Lancôme,celebs,,,,,,,,
Replica Bubble Bath,Maison Margiela,celebs,,,,,,,,
Hard Candy Elixir,Aaron Terence Hughes,blog,,,,,,,,
Perry Ellis Midnight,Perry Ellis,blog,,,,,,,,
MV3,MAC,blog,,,,,,,,
West Loop,Michael Malul London,blog,,,,,,,,
Amiri,Arabian Oud,blog,,,,,,,,
Happyland Signature,Happyland,blog,,,,,,,,
Cocktail Intense,Fragrance World,blog,,,,,,,,
Sticky Dates,Lush,blog,,,,,,,,
The One Luminous Night,Dolce & Gabbana,blog,,,,,,,,
Nautica Voyage Best Overall,Nautica &mdash;,blog,,,,,,,,
Armaf Club De Nuit Intense Man Best Value,Armaf &mdash;,blog,,,,,,,,
Afnan 9PM,Afnan &mdash;,blog,,,,,,,,
Davidoff Cool Water,Davidoff &mdash;,blog,,,,,,,,
Lattafa Khamrah,Lattafa &mdash;,blog,,,,,,,,
Adidas Dynamic Pulse,Adidas &mdash;,blog,,,,,,,,
Cuba Gold,Cuba &mdash;,blog,,,,,,,,
Guess Seductive Homme Blue,Guess &mdash;,blog,,,,,,,,
Perry Ellis 360 Red,Perry Ellis &mdash;,blog,,,,,,,,
Rasasi Hawas,Rasasi &mdash;,blog,,,,,,,,
Flowerbomb,Viktor & Rolf,blog,,,,,,,,
Grand Soir,Maison Francis Kurkdjian,blog,,,,,,,,
Musc Oil for Him,Narciso Rodriguez,blog,,,,,,,,
Spectre Ghost,Fragrance World,blog,,,,,,,,
Passion,Ermenegildo Zegna,blog,,,,,,,,
Royal Oud,Arabian Oud,blog,,,,,,,,
Le Male Collector Snow Globe,Jean Paul Gaultier,blog,,,,,,,,
Uomo Golden Anniversary,Roberto Cavalli,blog,,,,,,,,
Roi Sans Equipage,Henry Jacques,blog,,,,,,,,
Fuel for Men,Donna Karan,blog,,,,,,,,
Silhouette,Afnan,blog,,,,,,,,
Tres Nuit,Armaf,blog,,,,,,,,
Nishane Hacivat (travel size),Nishane,blog,,,,,,,,
Encre Noire,Lalique,blog,,,,,,,,
Al Haramain Amber Oud Gold Edition,Al Haramain,blog,,,,,,,,
Rasasi La Yuqawam,Rasasi,blog,,,,,,,,
Bleu de Chanel EDT,Chanel,blog,,,,,,,,
L'Eau d'Issey Pour Homme,Issey Miyake,blog,,,,,,,,
Acqua di Gio Profondo,Giorgio Armani,blog,,,,,,,,
Light Blue,Dolce & Gabbana,blog,,,,,,,,
Nautica Voyage,Nautica,blog,,,,,,,,
Versace Pour Homme,Versace,blog,,,,,,,,
Rasasi Hawas,Rasasi,blog,,,,,,,,
Sol de Janeiro Brazilian Bum Bum Cream,Sol de Janeiro,blog,,,,,,,,
Virgin Island Water,Creed,blog,,,,,,,,
Mediterranean Honeysuckle,Aerin,blog,,,,,,,,
Eau de Soleil Blanc,Tom Ford,blog,,,,,,,,
Fico di Amalfi,Acqua di Parma,blog,,,,,,,,
Eau Moheli,Diptyque,blog,,,,,,,,
Baccarat Rouge 540 Extrait de Parfum,Maison Francis Kurkdjian,blog,,,,,,,,
La Vie Est Belle,Lanc&ocirc;me,blog,,,,,,,,
Miss Dior Blooming Bouquet,Dior,blog,,,,,,,,
J&rsquo;adore,Dior,blog,,,,,,,,
Lost Cherry,Tom Ford,blog,,,,,,,,
Club de Nuit Intense Man EDP,Armaf,blog,,,,,,,,
Cedrat Bois&eacute;,Mancera,blog,,,,,,,,
Homme Intense,Dior,blog,,,,,,,,
Insurrection II Pure,Reyane Tradition,blog,,,,,,,,
Victor,Pendora Scents,blog,,,,,,,,
Blue de Chance,Lattafa,blog,,,,,,,,
Afnan Supremacy Not Only Intense,Afnan,blog,,,,,,,,
Hawas,Rasasi,blog,,,,,,,,
Encode Blue,Maison Alhambra,blog,,,,,,,,
Cool Water Parfum,Davidoff,blog,,,,,,,,
Baccarat Rouge 540 Extrait,Maison Francis Kurkdjian,blog,,,,,,,,
Interlude Man,Amouage,blog,,,,,,,,
Oud Wood Intense,Tom Ford,blog,,,,,,,,
Dossier Woody Sandalwood,Dossier,blog,,,,,,,,
ALT. Crystal 33,ALT. Fragrances,blog,,,,,,,,
Maison Alhambra Woody Oud,Maison Alhambra,blog,,,,,,,,
Commodity Velvet,Commodity,blog,,,,,,,,
Santal Royal,Guerlain,blog,,,,,,,,
Bohemian Lime,Goldfield & Banks,blog,,,,,,,,
Tam Dao,Diptyque,blog,,,,,,,,
Noir de Noir,Tom Ford,blog,,,,,,,,
Habit Rouge,Guerlain,blog,,,,,,,,
Jubilation XXV,Amouage,blog,,,,,,,,
Royal Oud,Creed,blog,,,,,,,,
Whispers in the Library,Maison Martin Margiela,blog,,,,,,,,
Tobacco Oud,Tom Ford,blog,,,,,,,,
Philosykos,Diptyque,blog,,,,,,,,
L'Eau d'Issey,Issey Miyake,blog,,,,,,,,
No. 5,Chanel,blog,,,,,,,,
Mitsouko,Guerlain,blog,,,,,,,,
Jicky,Guerlain,blog,,,,,,,,
Iris Silver Mist,Serge Lutens,blog,,,,,,,,
Nautica Voyage,Nautica &mdash;,blog,,,,,,,,
Club De Nuit Intense Man,Armaf &mdash;,blog,,,,,,,,
Versace Pour Homme,Versace &mdash;,blog,,,,,,,,
Versace Dylan Blue,Versace &mdash;,blog,,,,,,,,
Dior Sauvage Eau de Toilette,Dior &mdash;,blog,,,,,,,,
Bleu de Chanel Eau de Parfum,Chanel &mdash;,blog,,,,,,,,
Valentino Uomo Born in Roma,Valentino &mdash;,blog,,,,,,,,
Yves Saint Laurent Y Eau de Parfum,YSL &mdash;,blog,,,,,,,,
Jean Paul Gaultier Le Male Le Parfum,Jean Paul Gaultier &mdash;,blog,,,,,,,,
Prada Luna Rossa Carbon,Prada &mdash;,blog,,,,,,,,
Parfums de Marly Layton,Parfums de Marly &mdash;,blog,,,,,,,,
Initio Oud for Greatness,Initio &mdash;,blog,,,,,,,,
Tom Ford Tobacco Vanille,Tom Ford &mdash;,blog,,,,,,,,
Creed Aventus,Creed &mdash;,blog,,,,,,,,
Maison Francis Kurkdjian Baccarat Rouge 540,MFK &mdash;,blog,,,,,,,,
Dior Sauvage Elixir,Dior &mdash;,blog,,,,,,,,
Xerjoff Naxos,Xerjoff &mdash;,blog,,,,,,,,
Cherry Punk,Room 1015,blog,,,,,,,,
Dark Cherry,Fragrance World,blog,,,,,,,,
Lira,Xerjoff,blog,,,,,,,,
Lost Cherry (Inspired),Lattafa / Bade'e Al Oud,blog,,,,,,,,
Cherry Smash,Maison Alhambra,blog,,,,,,,,
Cherry Garden,Flavia,blog,,,,,,,,
Bohemian Ruby,Zara,blog,,,,,,,,
Cherry in the Air,Escada,blog,,,,,,,,
Cherry Musk,Al Rehab,blog,,,,,,,,
Spicebomb Extreme,Viktor & Rolf,blog,,,,,,,,
Oud Ispahan,Dior,blog,,,,,,,,
Lattafa Asdaaf Ameerat Al Arab,Lattafa,blog,,,,,,,,
Fine'ry Not Another Cherry,Fine'ry,blog,,,,,,,,
Libre Le Parfum,Yves Saint Laurent,blog,,,,,,,,
La Nuit Tresor,Lancome,blog,,,,,,,,
Maison Alhambra Philos Rosso,Maison Alhambra,blog,,,,,,,,
Cloud Intense,Ariana Grande,blog,,,,,,,,
Spirit of the Brave,Diesel,blog,,,,,,,,
Bvlgari Man in Black,Bvlgari,blog,,,,,,,,
By the Fireplace,Maison Margiela,blog,,,,,,,,
Velvet Rose & Oud,Jo Malone London,blog,,,,,,,,
Nomade,Chloe,blog,,,,,,,,
Vetiver,Guerlain,blog,,,,,,,,
Clean Reserve Skin,Clean,blog,,,,,,,,
La Vie Est Belle,Lancome,blog,,,,,,,,
Ombre Leather,Tom Ford,blog,,,,,,,,
Terre d'Hermes,Hermes,blog,,,,,,,,
Timbuktu,L'Artisan Parfumeur,blog,,,,,,,,
Bentley for Men Intense,Bentley,blog,,,,,,,,
Declaration,Cartier,blog,,,,,,,,
Replica At the Barber's,Maison Martin Margiela,blog,,,,,,,,
Replica Beach Walk,Maison Martin Margiela,blog,,,,,,,,
Eau des Merveilles,Hermes,blog,,,,,,,,
Aqua Universalis,Maison Francis Kurkdjian,blog,,,,,,,,
Un Jardin sur le Nil,Hermes,blog,,,,,,,,
Wood Sage & Sea Salt,Jo Malone,blog,,,,,,,,
